scenario_id,ue_id,time_s,traffic_type,downlink_kbps,uplink_kbps,total_kbps,qos_latency_target_ms,qos_max_loss_percent
6,UE-0,0.0,background,0.1459136974303584,0.031383402086556364,0.17729709951691475,5000,10
6,UE-1,0.0,background,0.11133818943326075,0.022603527354705298,0.13394171678796604,5000,10
6,UE-2,0.0,bursty,0.0,0.0,0.0,1000,5
6,UE-3,0.0,bursty,0.0,0.0,0.0,1000,5
6,UE-4,0.0,bursty,0.0,0.0,0.0,1000,5
6,UE-5,0.0,background,0.03523494644715545,0.010656485928392795,0.04589143237554824,5000,10
6,UE-6,0.0,real_time,0.0,0.0,0.0,150,1
6,UE-7,0.0,real_time,1.9798179388774049,0.5701585787158749,2.54997651759328,150,1
6,UE-8,0.0,real_time,52.47085210548945,9.71858364169738,62.18943574718683,150,1
6,UE-9,0.0,background,0.07097396684553792,0.02292007680144275,0.09389404364698067,5000,10
6,UE-10,0.0,real_time,4.681630174438661,1.2801829444185433,5.961813118857204,150,1
6,UE-11,0.0,video_streaming,1996.0512964517036,503.9487035482966,2500.0,500,2
6,UE-12,0.0,video_streaming,2062.114910120275,437.88508987972483,2500.0,500,2
6,UE-13,0.0,real_time,0.0,0.0,0.0,150,1
6,UE-14,0.0,background,0.03882844730994431,0.008591592169797286,0.04742003947974159,5000,10
6,UE-15,0.0,background,0.04809462544726397,0.014672267249933568,0.06276689269719754,5000,10
6,UE-16,0.0,real_time,3.1133339025477307,0.8843472192672817,3.9976811218150123,150,1
6,UE-17,0.0,bursty,0.0,0.0,0.0,1000,5
6,UE-18,0.0,background,0.1780592580164373,0.04210353232889844,0.22016279034533573,5000,10
6,UE-19,0.0,video_streaming,2054.0308063464176,445.96919365358235,2500.0,500,2
6,UE-20,0.0,bursty,660.6927478478462,194.51185294022326,855.2046007880696,1000,5
6,UE-21,0.0,bursty,0.0,0.0,0.0,1000,5
6,UE-22,0.0,background,0.06634678264875993,0.01745668231924984,0.08380346496800976,5000,10
6,UE-23,0.0,background,0.04874963275955082,0.008656016326822183,0.057405649086373,5000,10
6,UE-24,0.0,bursty,0.0,0.0,0.0,1000,5
6,UE-25,0.0,background,0.021293139997040786,0.0057779180974397585,0.027071058094480543,5000,10
6,UE-26,0.0,background,0.18957213093302644,0.05135273336953709,0.24092486430256355,5000,10
6,UE-27,0.0,bursty,0.0,0.0,0.0,1000,5
6,UE-28,0.0,video_streaming,1986.6073208196676,513.3926791803324,2500.0,500,2
6,UE-29,0.0,real_time,0.0,0.0,0.0,150,1
6,UE-30,0.0,bursty,0.0,0.0,0.0,1000,5
6,UE-31,0.0,real_time,0.0,0.0,0.0,150,1
6,UE-32,0.0,background,0.01478401399002811,0.004906013272736937,0.019690027262765048,5000,10
6,UE-33,0.0,bursty,0.0,0.0,0.0,1000,5
6,UE-34,0.0,bursty,0.0,0.0,0.0,1000,5
6,UE-35,0.0,real_time,55.476572842245666,11.145183530357052,66.62175637260272,150,1
6,UE-36,0.0,real_time,8.207601173367319,1.5265570884238535,9.734158261791173,150,1
6,UE-37,0.0,real_time,0.0,0.0,0.0,150,1
6,UE-38,0.0,real_time,7.624745639181457,2.1033844737003773,9.728130112881834,150,1
6,UE-39,0.0,background,0.056313575377302735,0.010322505163366441,0.06663608054066918,5000,10
6,UE-40,0.0,real_time,0.9688828258143459,0.21724418217208036,1.1861270079864263,150,1
6,UE-41,0.0,real_time,102.56538465782047,18.258337928850555,120.82372258667104,150,1
6,UE-42,0.0,real_time,0.0,0.0,0.0,150,1
6,UE-43,0.0,background,0.014254657323724966,0.00288360495487207,0.017138262278597036,5000,10
6,UE-44,0.0,video_streaming,1918.5296812216384,581.4703187783614,2500.0,500,2
6,UE-45,0.0,background,0.07536291841576741,0.015030245455748204,0.09039316387151561,5000,10
6,UE-46,0.0,bursty,0.0,0.0,0.0,1000,5
6,UE-47,0.0,bursty,376.7581163015801,85.12647102218008,461.8845873237602,1000,5
6,UE-48,0.0,bursty,0.0,0.0,0.0,1000,5
6,UE-49,0.0,video_streaming,2095.154219606565,404.8457803934347,2500.0,500,2
6,UE-50,0.0,background,0.14735164331112044,0.039197516971863265,0.18654916028298368,5000,10
6,UE-51,0.0,video_streaming,1961.839406273011,538.1605937269891,2500.0,500,2
6,UE-52,0.0,background,0.03363804536170272,0.007362371098003955,0.04100041645970668,5000,10
6,UE-53,0.0,real_time,3.3644037986682487,0.6294964899510603,3.993900288619309,150,1
6,UE-54,0.0,background,0.004386154274960145,0.0008770055640725466,0.005263159839032691,5000,10
6,UE-55,0.0,video_streaming,1914.390455666183,585.609544333817,2500.0,500,2
6,UE-56,0.0,bursty,0.0,0.0,0.0,1000,5
6,UE-57,0.0,bursty,2622.8106958226313,685.5273431361337,3308.3380389587646,1000,5
6,UE-58,0.0,background,0.11318310700475513,0.02022039165839882,0.13340349866315396,5000,10
6,UE-59,0.0,bursty,0.0,0.0,0.0,1000,5
6,UE-60,0.0,real_time,0.8603274469946878,0.19769391225818178,1.0580213592528696,150,1
6,UE-61,0.0,bursty,2668.704164110977,590.4735152806616,3259.177679391639,1000,5
6,UE-62,0.0,video_streaming,2032.172760559202,467.8272394407977,2500.0,500,2
6,UE-63,0.0,background,0.21828338819894166,0.06800549804876116,0.2862888862477028,5000,10
6,UE-64,0.0,video_streaming,2022.6148885249934,477.38511147500645,2500.0,500,2
6,UE-65,0.0,real_time,7.135543233383298,2.0048512140892756,9.140394447472573,150,1
6,UE-66,0.0,background,0.025740619633592168,0.007776906648037636,0.0335175262816298,5000,10
6,UE-67,0.0,background,0.03400494786955232,0.009658727693643822,0.04366367556319614,5000,10
6,UE-68,0.0,bursty,0.0,0.0,0.0,1000,5
6,UE-69,0.0,bursty,0.0,0.0,0.0,1000,5
6,UE-70,0.0,video_streaming,2087.4008386073324,412.5991613926677,2500.0,500,2
6,UE-71,0.0,video_streaming,2119.3377078569893,380.66229214301086,2500.0,500,2
6,UE-72,0.0,real_time,49.100548011377626,12.116093587014118,61.21664159839174,150,1
6,UE-73,0.0,video_streaming,1996.3256024295565,503.67439757044366,2500.0,500,2
6,UE-74,0.0,video_streaming,2035.1720360957936,464.82796390420634,2500.0,500,2
6,UE-75,0.0,background,0.07247994479531408,0.017830682111916015,0.0903106269072301,5000,10
6,UE-76,0.0,bursty,0.0,0.0,0.0,1000,5
6,UE-77,0.0,bursty,0.0,0.0,0.0,1000,5
6,UE-78,0.0,background,0.004547663695113158,0.0014669635643614052,0.006014627259474564,5000,10
6,UE-79,0.0,real_time,53.093155980074236,10.081445705953243,63.174601686027486,150,1
6,UE-80,0.0,real_time,48.84220641464232,9.088276265063898,57.93048267970622,150,1
6,UE-81,0.0,background,0.09442834139439803,0.027206355420439494,0.12163469681483752,5000,10
6,UE-82,0.0,video_streaming,2122.744595666561,377.25540433343895,2500.0,500,2
6,UE-83,0.0,background,0.013393815959424727,0.0033559426366107648,0.016749758596035492,5000,10
6,UE-84,0.0,bursty,0.0,0.0,0.0,1000,5
6,UE-85,0.0,background,0.26748573608629017,0.08575198343588017,0.35323771952217037,5000,10
6,UE-86,0.0,video_streaming,2100.922912602771,399.07708739722943,2500.0,500,2
6,UE-87,0.0,video_streaming,2062.4620202240117,437.53797977598845,2500.0,500,2
6,UE-88,0.0,real_time,0.0,0.0,0.0,150,1
6,UE-89,0.0,background,0.008281247052506668,0.002589318295716062,0.01087056534822273,5000,10
6,UE-90,0.0,video_streaming,2086.8420888171295,413.15791118287075,2500.0,500,2
6,UE-91,0.0,bursty,0.0,0.0,0.0,1000,5
6,UE-92,0.0,background,0.04000894198928518,0.011168334103137547,0.05117727609242273,5000,10
6,UE-93,0.0,real_time,0.0,0.0,0.0,150,1
6,UE-94,0.0,background,0.14071101765695904,0.032166245284041536,0.1728772629410006,5000,10
6,UE-95,0.0,bursty,0.0,0.0,0.0,1000,5
6,UE-96,0.0,real_time,0.0,0.0,0.0,150,1
6,UE-97,0.0,bursty,0.0,0.0,0.0,1000,5
6,UE-98,0.0,video_streaming,1961.4170846824416,538.5829153175583,2500.0,500,2
6,UE-99,0.0,bursty,0.0,0.0,0.0,1000,5
6,UE-100,0.0,background,0.2736601592528332,0.06518656428408447,0.3388467235369177,5000,10
6,UE-101,0.0,video_streaming,2003.2408806017634,496.75911939823646,2500.0,500,2
6,UE-102,0.0,background,0.019440080952792513,0.005726265126140369,0.025166346078932884,5000,10
6,UE-103,0.0,bursty,0.0,0.0,0.0,1000,5
6,UE-104,0.0,bursty,0.0,0.0,0.0,1000,5
6,UE-105,0.0,video_streaming,1900.2425086271824,599.7574913728176,2500.0,500,2
6,UE-106,0.0,video_streaming,2094.2774481752526,405.72255182474726,2500.0,500,2
6,UE-107,0.0,real_time,51.704209504258394,15.155295043667227,66.85950454792562,150,1
6,UE-108,0.0,bursty,0.0,0.0,0.0,1000,5
6,UE-109,0.0,real_time,2.1674574977663457,0.5861132860954454,2.7535707838617913,150,1
6,UE-110,0.0,video_streaming,1997.1913473529648,502.8086526470352,2500.0,500,2
6,UE-111,0.0,real_time,46.63357523790642,14.412347354788938,61.04592259269536,150,1
6,UE-112,0.0,video_streaming,2086.6760556550266,413.3239443449733,2500.0,500,2
6,UE-113,0.0,real_time,7.4631616558143525,1.4334867265659539,8.896648382380306,150,1
6,UE-114,0.0,real_time,3.806575551620716,0.8130525565664628,4.619628108187179,150,1
6,UE-115,0.0,video_streaming,2054.0654781348358,445.9345218651646,2500.0,500,2
6,UE-116,0.0,real_time,3.0894449325723965,0.9343109374458675,4.023755870018264,150,1
6,UE-117,0.0,bursty,2691.471606117911,789.5462383713359,3481.017844489247,1000,5
6,UE-118,0.0,video_streaming,2071.7864943856716,428.21350561432854,2500.0,500,2
6,UE-119,0.0,video_streaming,2039.2643181121298,460.73568188787027,2500.0,500,2
6,UE-120,0.0,background,0.004903179419288403,0.0011448409995484959,0.006048020418836899,5000,10
6,UE-121,0.0,bursty,0.0,0.0,0.0,1000,5
6,UE-122,0.0,background,0.0325627932252061,0.00883281597363986,0.04139560919884597,5000,10
6,UE-123,0.0,video_streaming,2089.029929856123,410.97007014387697,2500.0,500,2
6,UE-124,0.0,background,0.004371231611765465,0.000831175893131564,0.00520240750489703,5000,10
6,UE-125,0.0,background,0.032044685245962545,0.006999799101350398,0.03904448434731295,5000,10
6,UE-126,0.0,bursty,0.0,0.0,0.0,1000,5
6,UE-127,0.0,background,0.05500946552065684,0.010092726336496311,0.06510219185715314,5000,10
6,UE-128,0.0,video_streaming,2083.2454142436336,416.75458575636657,2500.0,500,2
6,UE-129,0.0,background,0.4506525467201926,0.10197025772685256,0.5526228044470451,5000,10
6,UE-130,0.0,background,0.0072713036206839094,0.0015554657129644024,0.008826769333648312,5000,10
6,UE-131,0.0,bursty,0.0,0.0,0.0,1000,5
6,UE-132,0.0,background,0.038363122357233916,0.009579312990336979,0.047942435347570894,5000,10
6,UE-133,0.0,video_streaming,2037.8455660841983,462.1544339158019,2500.0,500,2
6,UE-134,0.0,real_time,145.27519575061763,45.776288619880404,191.05148437049803,150,1
6,UE-135,0.0,background,0.005423157797083079,0.0017639063098663166,0.0071870641069493955,5000,10
6,UE-136,0.0,bursty,0.0,0.0,0.0,1000,5
6,UE-137,0.0,real_time,50.686222587407016,16.09215077507284,66.77837336247985,150,1
6,UE-138,0.0,real_time,104.74173133057263,29.75098379383993,134.49271512441257,150,1
6,UE-139,0.0,bursty,0.0,0.0,0.0,1000,5
6,UE-140,0.0,real_time,2.8154904842582704,0.5444006301387129,3.3598911143969836,150,1
6,UE-141,0.0,video_streaming,1986.9435739929293,513.0564260070706,2500.0,500,2
6,UE-142,0.0,real_time,3.6910446073678296,0.6783989190763887,4.369443526444218,150,1
6,UE-143,0.0,video_streaming,2034.3619813159492,465.63801868405073,2500.0,500,2
6,UE-144,0.0,real_time,52.553048497829636,15.773491080109268,68.3265395779389,150,1
6,UE-145,0.0,real_time,0.8466801256618609,0.21224535357846916,1.05892547924033,150,1
6,UE-146,0.0,bursty,0.0,0.0,0.0,1000,5
6,UE-147,0.0,background,0.1428798241163902,0.03973048472463473,0.18261030884102492,5000,10
6,UE-148,0.0,video_streaming,2096.60304889998,403.3969511000201,2500.0,500,2
6,UE-149,0.0,video_streaming,1895.8807004297105,604.1192995702896,2500.0,500,2
6,UE-150,0.0,background,0.19075494383028144,0.0517694339822007,0.24252437781248212,5000,10
6,UE-151,0.0,video_streaming,2022.3892287168858,477.6107712831143,2500.0,500,2
6,UE-152,0.0,video_streaming,2029.161132762353,470.83886723764715,2500.0,500,2
6,UE-153,0.0,bursty,0.0,0.0,0.0,1000,5
6,UE-154,0.0,video_streaming,1982.6109528995134,517.3890471004864,2500.0,500,2
6,UE-155,0.0,background,0.04563827873322131,0.012808853348718636,0.05844713208193994,5000,10
6,UE-156,0.0,background,0.08908562337506559,0.02018879852224724,0.10927442189731283,5000,10
6,UE-157,0.0,bursty,0.0,0.0,0.0,1000,5
6,UE-158,0.0,background,0.06324253502468966,0.014096874504338993,0.07733940952902865,5000,10
6,UE-159,0.0,real_time,57.85024918734507,16.327646373970214,74.17789556131528,150,1
6,UE-160,0.0,video_streaming,1937.6704944112919,562.3295055887081,2500.0,500,2
6,UE-161,0.0,background,0.08374262912709826,0.025031957590637546,0.1087745867177358,5000,10
6,UE-162,0.0,background,0.04421029450651904,0.01340594942995139,0.057616243936470427,5000,10
6,UE-163,0.0,real_time,0.0,0.0,0.0,150,1
6,UE-164,0.0,background,0.06222825432100156,0.014904643702337286,0.07713289802333885,5000,10
6,UE-165,0.0,background,0.3082188353163617,0.06823076274516943,0.3764495980615311,5000,10
6,UE-166,0.0,bursty,0.0,0.0,0.0,1000,5
6,UE-167,0.0,background,0.05273993258700571,0.013283480803389107,0.06602341339039482,5000,10
6,UE-168,0.0,real_time,0.0,0.0,0.0,150,1
6,UE-169,0.0,real_time,0.0,0.0,0.0,150,1
6,UE-170,0.0,bursty,0.0,0.0,0.0,1000,5
6,UE-171,0.0,background,0.05429638482199316,0.011911872217502248,0.0662082570394954,5000,10
6,UE-172,0.0,real_time,59.23493043754881,10.644115979262343,69.87904641681115,150,1
6,UE-173,0.0,bursty,0.0,0.0,0.0,1000,5
6,UE-174,0.0,real_time,1.6743244876510763,0.42992363915406395,2.1042481268051403,150,1
6,UE-175,0.0,real_time,0.0,0.0,0.0,150,1
6,UE-176,0.0,video_streaming,2022.3826472314843,477.61735276851584,2500.0,500,2
6,UE-177,0.0,video_streaming,1892.6033777281955,607.3966222718043,2500.0,500,2
6,UE-178,0.0,background,0.038429155625659045,0.011769884756917499,0.05019904038257655,5000,10
6,UE-179,0.0,background,0.12639755678175527,0.04009453478653705,0.1664920915682923,5000,10
6,UE-180,0.0,background,0.008052383953902054,0.0019757517013083916,0.010028135655210445,5000,10
6,UE-181,0.0,background,0.08085570322037719,0.02397456479094709,0.10483026801132428,5000,10
6,UE-182,0.0,bursty,0.0,0.0,0.0,1000,5
6,UE-183,0.0,bursty,489.81535205609157,89.85752160725153,579.6728736633431,1000,5
6,UE-184,0.0,real_time,98.44088823569906,32.65884024041719,131.09972847611624,150,1
6,UE-185,0.0,bursty,0.0,0.0,0.0,1000,5
6,UE-186,0.0,background,0.018585701882363442,0.003940609898011492,0.022526311780374935,5000,10
6,UE-187,0.0,real_time,3.1790296943164145,0.5826068669671339,3.7616365612835483,150,1
6,UE-188,0.0,background,0.010608781894529214,0.0024004835673759996,0.013009265461905213,5000,10
6,UE-189,0.0,real_time,45.91284671775979,12.363660708547439,58.276507426307234,150,1
6,UE-190,0.0,video_streaming,2065.5708782154015,434.42912178459835,2500.0,500,2
6,UE-191,0.0,real_time,103.82965493955724,28.265032455915946,132.0946873954732,150,1
6,UE-192,0.0,background,0.027819302139451357,0.008407361431470238,0.036226663570921594,5000,10
6,UE-193,0.0,real_time,0.0,0.0,0.0,150,1
6,UE-194,0.0,background,0.008997418238105029,0.0024728758168705294,0.011470294054975558,5000,10
6,UE-195,0.0,bursty,0.0,0.0,0.0,1000,5
6,UE-196,0.0,video_streaming,2030.063644407952,469.936355592048,2500.0,500,2
6,UE-197,0.0,video_streaming,1944.1859052446002,555.8140947553997,2500.0,500,2
6,UE-198,0.0,bursty,0.0,0.0,0.0,1000,5
6,UE-199,0.0,real_time,51.26417009425226,13.974173036677579,65.23834313092983,150,1
6,UE-200,0.0,bursty,720.6587040790996,156.94448235000723,877.6031864291068,1000,5
6,UE-201,0.0,background,0.027926333912049992,0.005024956592912442,0.032951290504962434,5000,10
6,UE-202,0.0,background,0.03941576189381639,0.01050740494064294,0.04992316683445933,5000,10
6,UE-203,0.0,bursty,0.0,0.0,0.0,1000,5
6,UE-204,0.0,real_time,0.0,0.0,0.0,150,1
6,UE-205,0.0,bursty,0.0,0.0,0.0,1000,5
6,UE-206,0.0,real_time,1.288096555919449,0.3614381347112229,1.6495346906306718,150,1
6,UE-207,0.0,real_time,5.658267223292257,1.7979420509514434,7.456209274243701,150,1
6,UE-208,0.0,background,0.051376482156577086,0.015947493435405694,0.06732397559198278,5000,10
6,UE-209,0.0,real_time,48.09355903698115,8.660750194832133,56.75430923181328,150,1
6,UE-210,0.0,bursty,0.0,0.0,0.0,1000,5
6,UE-211,0.0,background,0.09285545355131006,0.021784388194315406,0.11463984174562546,5000,10
6,UE-212,0.0,background,0.012846688563878675,0.0033881431894165455,0.01623483175329522,5000,10
6,UE-213,0.0,background,0.040861514424185924,0.010327363805284392,0.05118887822947032,5000,10
6,UE-214,0.0,bursty,470.6447478672988,146.80927848866617,617.454026355965,1000,5
6,UE-215,0.0,background,0.10973815981129834,0.03129749167734483,0.14103565148864317,5000,10
6,UE-216,0.0,background,0.12300394493621267,0.032209843647004,0.15521378858321666,5000,10
6,UE-217,0.0,real_time,45.38592369440787,14.982663099731324,60.3685867941392,150,1
6,UE-218,0.0,background,0.038317921675834546,0.00795603813173113,0.04627395980756568,5000,10
6,UE-219,0.0,background,0.07357586345440822,0.020510555658411346,0.09408641911281956,5000,10
6,UE-220,0.0,bursty,0.0,0.0,0.0,1000,5
6,UE-221,0.0,real_time,0.0,0.0,0.0,150,1
6,UE-222,0.0,real_time,1.8424843037705985,0.3656215897062164,2.208105893476815,150,1
6,UE-223,0.0,video_streaming,2104.451729956771,395.5482700432291,2500.0,500,2
6,UE-224,0.0,bursty,0.0,0.0,0.0,1000,5
6,UE-225,0.0,real_time,0.0,0.0,0.0,150,1
6,UE-226,0.0,real_time,0.0,0.0,0.0,150,1
6,UE-227,0.0,background,0.15382555260751518,0.0318618202550156,0.1856873728625308,5000,10
6,UE-228,0.0,background,0.21125438041036887,0.04561929822670131,0.25687367863707017,5000,10
6,UE-229,0.0,background,0.029774436921560055,0.008209459018098794,0.03798389593965885,5000,10
6,UE-230,0.0,background,0.00504208914881613,0.0010423729422501722,0.006084462091066303,5000,10
6,UE-231,0.0,video_streaming,1899.077227024396,600.9227729756041,2500.0,500,2
6,UE-232,0.0,real_time,0.0,0.0,0.0,150,1
6,UE-233,0.0,bursty,0.0,0.0,0.0,1000,5
6,UE-234,0.0,background,0.046182709315775575,0.011031321129184334,0.0572140304449599,5000,10
6,UE-235,0.0,real_time,7.45861153571935,1.4933712779583805,8.95198281367773,150,1
6,UE-236,0.0,bursty,1811.3048220792114,481.39762305942924,2292.7024451386405,1000,5
6,UE-237,0.0,real_time,46.275074312287835,9.739218094413042,56.01429240670088,150,1
6,UE-238,0.0,real_time,0.0,0.0,0.0,150,1
6,UE-239,0.0,video_streaming,1992.6135759307424,507.3864240692577,2500.0,500,2
6,UE-240,0.0,video_streaming,2016.774407808096,483.225592191904,2500.0,500,2
6,UE-241,0.0,video_streaming,2029.9667519479165,470.0332480520837,2500.0,500,2
6,UE-242,0.0,real_time,47.99196596257272,15.882179428120784,63.874145390693506,150,1
6,UE-243,0.0,real_time,5.652948744463393,1.5215009770362513,7.174449721499644,150,1
6,UE-244,0.0,video_streaming,2124.900688974006,375.0993110259943,2500.0,500,2
6,UE-245,0.0,real_time,0.0,0.0,0.0,150,1
6,UE-246,0.0,background,0.05885182535519412,0.011926212855779867,0.07077803821097399,5000,10
6,UE-247,0.0,background,0.11181594389441545,0.02316803543409259,0.13498397932850803,5000,10
6,UE-248,0.0,real_time,112.22120667249199,23.57321486781229,135.79442154030428,150,1
6,UE-249,0.0,video_streaming,2123.636348627142,376.3636513728577,2500.0,500,2
6,UE-250,0.0,background,0.06467189911644423,0.01494905858566176,0.07962095770210599,5000,10
6,UE-251,0.0,real_time,52.372074409977294,12.793183407408966,65.16525781738626,150,1
6,UE-252,0.0,background,0.1491699946998385,0.03597684495504995,0.18514683965488843,5000,10
6,UE-253,0.0,background,0.16792438176072338,0.033185524947425306,0.20110990670814868,5000,10
6,UE-254,0.0,video_streaming,1885.2217048716614,614.7782951283386,2500.0,500,2
6,UE-255,0.0,real_time,0.24488407466353593,0.05558755251104442,0.30047162717458037,150,1
6,UE-256,0.0,video_streaming,1960.82667207066,539.1733279293401,2500.0,500,2
6,UE-257,0.0,video_streaming,1895.7380737747574,604.2619262252426,2500.0,500,2
6,UE-258,0.0,video_streaming,1941.7941011783284,558.2058988216717,2500.0,500,2
6,UE-259,0.0,real_time,0.0,0.0,0.0,150,1
6,UE-260,0.0,video_streaming,2120.5682633391025,379.4317366608974,2500.0,500,2
6,UE-261,0.0,bursty,0.0,0.0,0.0,1000,5
6,UE-262,0.0,video_streaming,2065.493114557679,434.50688544232116,2500.0,500,2
6,UE-263,0.0,background,0.03664955390550111,0.0076585330869619475,0.04430808699246306,5000,10
6,UE-264,0.0,video_streaming,2042.187970648196,457.812029351804,2500.0,500,2
6,UE-265,0.0,background,0.05014484519406082,0.011477922768511497,0.061622767962572315,5000,10
6,UE-266,0.0,real_time,2.3817308744759713,0.6106251722134572,2.9923560466894283,150,1
6,UE-267,0.0,bursty,0.0,0.0,0.0,1000,5
6,UE-268,0.0,video_streaming,2110.262353182841,389.7376468171591,2500.0,500,2
6,UE-269,0.0,background,0.04959356034563131,0.016057726555726706,0.06565128690135802,5000,10
6,UE-270,0.0,real_time,2.5390963703904332,0.6487303240256901,3.187826694416123,150,1
6,UE-271,0.0,real_time,0.2637885250964441,0.084880528464369,0.3486690535608131,150,1
6,UE-272,0.0,video_streaming,1912.0707479594448,587.9292520405553,2500.0,500,2
6,UE-273,0.0,video_streaming,1993.4799212846526,506.5200787153474,2500.0,500,2
6,UE-274,0.0,bursty,0.0,0.0,0.0,1000,5
6,UE-275,0.0,bursty,0.0,0.0,0.0,1000,5
6,UE-276,0.0,bursty,0.0,0.0,0.0,1000,5
6,UE-277,0.0,background,0.027956072046429022,0.008530328235157624,0.036486400281586645,5000,10
6,UE-278,0.0,bursty,0.0,0.0,0.0,1000,5
6,UE-279,0.0,bursty,0.0,0.0,0.0,1000,5
6,UE-280,0.0,bursty,0.0,0.0,0.0,1000,5
6,UE-281,0.0,background,0.04849235834419537,0.015249329759206086,0.06374168810340146,5000,10
6,UE-282,0.0,background,0.009281557939582847,0.0026051392288359686,0.011886697168418815,5000,10
6,UE-283,0.0,background,0.060155252528233144,0.01723390474481609,0.07738915727304924,5000,10
6,UE-284,0.0,video_streaming,2031.6146061744932,468.38539382550675,2500.0,500,2
6,UE-285,0.0,video_streaming,1923.5134975540516,576.4865024459483,2500.0,500,2
6,UE-286,0.0,bursty,0.0,0.0,0.0,1000,5
6,UE-287,0.0,bursty,0.0,0.0,0.0,1000,5
6,UE-288,0.0,background,0.0019123404895853551,0.0004567272245455574,0.0023690677141309127,5000,10
6,UE-289,0.0,background,0.12586269342773648,0.03443977586966697,0.16030246929740347,5000,10
6,UE-290,0.0,background,0.0014698027771145377,0.0003673787171203334,0.0018371814942348711,5000,10
6,UE-291,0.0,bursty,0.0,0.0,0.0,1000,5
6,UE-292,0.0,background,0.16256334370105374,0.05007541428823658,0.21263875798929033,5000,10
6,UE-293,0.0,real_time,49.845918376537156,15.872310615305782,65.71822899184293,150,1
6,UE-294,0.0,background,0.0018064823458810032,0.0003603070126333715,0.0021667893585143746,5000,10
6,UE-295,0.0,video_streaming,2084.324402938881,415.67559706111894,2500.0,500,2
6,UE-296,0.0,real_time,7.933638734253569,2.3985374633635135,10.332176197617082,150,1
6,UE-297,0.0,video_streaming,2087.8632993329243,412.13670066707556,2500.0,500,2
6,UE-298,0.0,background,0.006464085326611031,0.0021180307666519697,0.008582116093263,5000,10
6,UE-299,0.0,video_streaming,1930.218681092928,569.7813189070721,2500.0,500,2
6,UE-300,0.0,real_time,57.60152113137241,12.036965978157982,69.63848710953039,150,1
6,UE-301,0.0,background,0.13117096619768484,0.026941584469890523,0.15811255066757535,5000,10
6,UE-302,0.0,video_streaming,1930.351817179114,569.6481828208858,2500.0,500,2
6,UE-303,0.0,video_streaming,1968.6871548256054,531.3128451743945,2500.0,500,2
6,UE-304,0.0,real_time,48.74233018278971,12.2700772742871,61.012407457076804,150,1
6,UE-305,0.0,real_time,3.3229565504244967,0.8029154588753685,4.125872009299865,150,1
6,UE-306,0.0,bursty,383.59934285393854,102.70914773146146,486.30849058539997,1000,5
6,UE-307,0.0,background,0.03533696393462325,0.011436699688159038,0.04677366362278229,5000,10
6,UE-308,0.0,video_streaming,2033.4492662810019,466.55073371899806,2500.0,500,2
6,UE-309,0.0,bursty,423.35598346272036,102.76020408061149,526.1161875433319,1000,5
6,UE-310,0.0,real_time,0.0,0.0,0.0,150,1
6,UE-311,0.0,background,0.0886370013395679,0.01711555051942714,0.10575255185899504,5000,10
6,UE-312,0.0,bursty,2025.34810128831,660.6082633208152,2685.956364609125,1000,5
6,UE-313,0.0,video_streaming,1998.000571766824,501.99942823317605,2500.0,500,2
6,UE-314,0.0,bursty,0.0,0.0,0.0,1000,5
6,UE-315,0.0,bursty,0.0,0.0,0.0,1000,5
6,UE-316,0.0,real_time,4.575600386491964,1.4460698223532318,6.021670208845196,150,1
6,UE-317,0.0,background,0.06875583445230427,0.015234229140349206,0.08399006359265347,5000,10
6,UE-318,0.0,background,0.009578608764931993,0.0028803104849149845,0.012458919249846977,5000,10
6,UE-319,0.0,bursty,0.0,0.0,0.0,1000,5
6,UE-320,0.0,bursty,2806.670494079107,667.8055935197564,3474.4760875988636,1000,5
6,UE-321,0.0,video_streaming,2029.1268918489063,470.8731081510935,2500.0,500,2
6,UE-322,0.0,background,0.013152759205481855,0.00288853859925855,0.016041297804740406,5000,10
6,UE-323,0.0,video_streaming,1892.7719231361023,607.2280768638975,2500.0,500,2
6,UE-324,0.0,video_streaming,2005.1284788447265,494.87152115527357,2500.0,500,2
6,UE-325,0.0,background,0.022377661431952613,0.004520191194126039,0.02689785262607865,5000,10
6,UE-326,0.0,bursty,0.0,0.0,0.0,1000,5
6,UE-327,0.0,video_streaming,1957.2162988305558,542.783701169444,2500.0,500,2
6,UE-328,0.0,bursty,0.0,0.0,0.0,1000,5
6,UE-329,0.0,video_streaming,2091.8430518808364,408.15694811916376,2500.0,500,2
6,UE-330,0.0,bursty,0.0,0.0,0.0,1000,5
6,UE-331,0.0,bursty,0.0,0.0,0.0,1000,5
6,UE-332,0.0,real_time,5.264814380080341,1.4034890545578054,6.668303434638146,150,1
6,UE-333,0.0,video_streaming,2067.1375606438373,432.8624393561629,2500.0,500,2
6,UE-334,0.0,video_streaming,2124.833037124797,375.16696287520296,2500.0,500,2
6,UE-335,0.0,video_streaming,2080.2594336089064,419.7405663910936,2500.0,500,2
6,UE-336,0.0,real_time,0.0,0.0,0.0,150,1
6,UE-337,0.0,bursty,0.0,0.0,0.0,1000,5
6,UE-338,0.0,real_time,0.0,0.0,0.0,150,1
6,UE-339,0.0,bursty,0.0,0.0,0.0,1000,5
6,UE-340,0.0,background,0.0680209245444274,0.01254619979872014,0.08056712434314754,5000,10
6,UE-341,0.0,background,0.010069147245374449,0.0021337961344770353,0.012202943379851484,5000,10
6,UE-342,0.0,background,0.02413842270228079,0.006317440658084817,0.030455863360365605,5000,10
6,UE-343,0.0,background,0.014532974997423669,0.0033271398892638533,0.017860114886687522,5000,10
6,UE-344,0.0,background,0.13961646427375943,0.029957138994402773,0.1695736032681622,5000,10
6,UE-345,0.0,background,0.1013877564468225,0.023729313690084214,0.12511707013690673,5000,10
6,UE-346,0.0,background,0.2228018595032757,0.04584591457310976,0.26864777407638546,5000,10
6,UE-347,0.0,video_streaming,2112.4566155274747,387.54338447252513,2500.0,500,2
6,UE-348,0.0,real_time,0.0,0.0,0.0,150,1
6,UE-349,0.0,real_time,1.8069323935759838,0.3974337618301747,2.2043661554061584,150,1
6,UE-350,0.0,background,0.03864933713080888,0.007419908655494762,0.04606924578630365,5000,10
6,UE-351,0.0,video_streaming,2055.425968867305,444.5740311326952,2500.0,500,2
6,UE-352,0.0,video_streaming,2068.1414369383187,431.8585630616812,2500.0,500,2
6,UE-353,0.0,real_time,0.16827510050924444,0.04936694855334218,0.2176420490625866,150,1
6,UE-354,0.0,background,0.08010340725311042,0.02429201951522207,0.1043954267683325,5000,10
6,UE-355,0.0,background,0.04489156470836653,0.010564512429867497,0.05545607713823402,5000,10
6,UE-356,0.0,bursty,0.0,0.0,0.0,1000,5
6,UE-357,0.0,background,0.09086413052766862,0.020014346047165,0.11087847657483361,5000,10
6,UE-358,0.0,real_time,49.696665025171384,9.449212878734265,59.14587790390565,150,1
6,UE-359,0.0,real_time,5.999721426938812,1.8161353457398424,7.8158567726786545,150,1
6,UE-360,0.0,video_streaming,2022.5360868104058,477.463913189594,2500.0,500,2
6,UE-361,0.0,video_streaming,1963.9928601553042,536.007139844696,2500.0,500,2
6,UE-362,0.0,real_time,0.0,0.0,0.0,150,1
6,UE-363,0.0,bursty,0.0,0.0,0.0,1000,5
6,UE-364,0.0,background,0.03508864759683578,0.007877913157951928,0.04296656075478771,5000,10
6,UE-365,0.0,background,0.04608238521137648,0.015323775830350316,0.061406161041726796,5000,10
6,UE-366,0.0,real_time,2.550097139521297,0.7994279238337245,3.3495250633550215,150,1
6,UE-367,0.0,background,0.025325739762602904,0.007395583362873055,0.03272132312547596,5000,10
6,UE-368,0.0,video_streaming,2033.4062237014632,466.59377629853657,2500.0,500,2
6,UE-369,0.0,bursty,0.0,0.0,0.0,1000,5
6,UE-370,0.0,background,0.010279126687606135,0.0030024372994867355,0.01328156398709287,5000,10
6,UE-371,0.0,real_time,0.0,0.0,0.0,150,1
6,UE-372,0.0,background,0.03840627043412915,0.008024999079407954,0.0464312695135371,5000,10
6,UE-373,0.0,background,0.025702795801251954,0.005948987775646411,0.031651783576898365,5000,10
6,UE-374,0.0,bursty,0.0,0.0,0.0,1000,5
6,UE-375,0.0,background,0.005576709223709886,0.0009875693525871582,0.006564278576297044,5000,10
6,UE-376,0.0,bursty,0.0,0.0,0.0,1000,5
6,UE-377,0.0,background,0.0401611566384729,0.013303170503272607,0.05346432714174551,5000,10
6,UE-378,0.0,bursty,0.0,0.0,0.0,1000,5
6,UE-379,0.0,bursty,1428.6027349825056,470.6135596393406,1899.2162946218461,1000,5
6,UE-380,0.0,real_time,2.735241684807126,0.6670886654987479,3.4023303503058737,150,1
6,UE-381,0.0,real_time,0.0,0.0,0.0,150,1
6,UE-382,0.0,background,0.01604298062139882,0.003265824893492258,0.01930880551489108,5000,10
6,UE-383,0.0,video_streaming,1940.460887044903,559.539112955097,2500.0,500,2
6,UE-384,0.0,background,0.00306093472710888,0.0008343539637526949,0.0038952886908615748,5000,10
6,UE-385,0.0,real_time,0.0,0.0,0.0,150,1
6,UE-386,0.0,video_streaming,2054.795280137348,445.2047198626521,2500.0,500,2
6,UE-387,0.0,real_time,40.43088321481982,13.157764536065647,53.58864775088547,150,1
6,UE-388,0.0,video_streaming,2004.6198222422552,495.38017775774506,2500.0,500,2
6,UE-389,0.0,video_streaming,2028.305080523214,471.69491947678625,2500.0,500,2
6,UE-390,0.0,bursty,0.0,0.0,0.0,1000,5
6,UE-391,0.0,real_time,0.0,0.0,0.0,150,1
6,UE-392,0.0,real_time,48.312972259317874,12.724753139943685,61.03772539926156,150,1
6,UE-393,0.0,video_streaming,1935.964715127822,564.0352848721778,2500.0,500,2
6,UE-394,0.0,real_time,51.47858734415694,16.38207177535158,67.86065911950853,150,1
6,UE-395,0.0,real_time,0.0,0.0,0.0,150,1
6,UE-396,0.0,real_time,50.35654737216012,10.614573178335839,60.97112055049596,150,1
6,UE-397,0.0,background,0.17369311935032936,0.041707549203441475,0.21540066855377082,5000,10
6,UE-398,0.0,video_streaming,1926.1064969086422,573.893503091358,2500.0,500,2
6,UE-399,0.0,real_time,53.52896122543118,9.766508554987254,63.295469780418436,150,1
6,UE-400,0.0,bursty,0.0,0.0,0.0,1000,5
6,UE-401,0.0,video_streaming,2105.7597373383846,394.2402626616155,2500.0,500,2
6,UE-402,0.0,background,0.047330089776725884,0.013139199532100748,0.060469289308826626,5000,10
6,UE-403,0.0,background,0.0493063624037163,0.014935957145763413,0.06424231954947972,5000,10
6,UE-404,0.0,bursty,0.0,0.0,0.0,1000,5
6,UE-405,0.0,bursty,2747.469224043755,904.1934218841154,3651.66264592787,1000,5
6,UE-406,0.0,real_time,94.14970344605379,25.198234471607886,119.34793791766168,150,1
6,UE-407,0.0,real_time,0.0,0.0,0.0,150,1
6,UE-408,0.0,bursty,0.0,0.0,0.0,1000,5
6,UE-409,0.0,video_streaming,1943.0233918111878,556.9766081888124,2500.0,500,2
6,UE-410,0.0,real_time,1.2062688339883656,0.2696353659650092,1.4759041999533749,150,1
6,UE-411,0.0,real_time,0.0,0.0,0.0,150,1
6,UE-412,0.0,real_time,46.297972966675566,15.018528255690999,61.31650122236657,150,1
6,UE-413,0.0,bursty,0.0,0.0,0.0,1000,5
6,UE-414,0.0,video_streaming,2038.705194491509,461.29480550849087,2500.0,500,2
6,UE-415,0.0,bursty,0.0,0.0,0.0,1000,5
6,UE-416,0.0,background,0.08427853731267398,0.01586290028133536,0.10014143759400936,5000,10
6,UE-417,0.0,real_time,4.33976815271676,1.3218141015446334,5.661582254261393,150,1
6,UE-418,0.0,real_time,0.0,0.0,0.0,150,1
6,UE-419,0.0,background,0.04931588294359635,0.014644669660034727,0.06396055260363108,5000,10
6,UE-420,0.0,background,0.0048366266185075925,0.0011631814286206768,0.005999808047128269,5000,10
6,UE-421,0.0,bursty,1904.8575621370023,617.324144022969,2522.1817061599713,1000,5
6,UE-422,0.0,background,0.011478527828542993,0.002574292109516076,0.014052819938059069,5000,10
6,UE-423,0.0,video_streaming,2111.8118232080687,388.18817679193126,2500.0,500,2
6,UE-424,0.0,video_streaming,1994.5091150762184,505.4908849237817,2500.0,500,2
6,UE-425,0.0,real_time,0.0,0.0,0.0,150,1
6,UE-426,0.0,real_time,46.14508980999363,10.975067129611958,57.120156939605586,150,1
6,UE-427,0.0,real_time,0.0,0.0,0.0,150,1
6,UE-428,0.0,real_time,0.0,0.0,0.0,150,1
6,UE-429,0.0,video_streaming,2107.3707620995815,392.6292379004188,2500.0,500,2
6,UE-430,0.0,real_time,50.68203714108126,15.557795225732292,66.23983236681354,150,1
6,UE-431,0.0,real_time,2.8584729453620144,0.5158717950559,3.3743447404179143,150,1
6,UE-432,0.0,background,0.15347544821501188,0.03713639482480794,0.19061184303981982,5000,10
6,UE-433,0.0,background,0.017718796193115324,0.0047115846169415365,0.02243038081005686,5000,10
6,UE-434,0.0,background,0.04106951757429717,0.009492830783500715,0.05056234835779788,5000,10
6,UE-435,0.0,video_streaming,1946.5575861879586,553.4424138120415,2500.0,500,2
6,UE-436,0.0,background,0.10648933990210607,0.034566174310343735,0.1410555142124498,5000,10
6,UE-437,0.0,background,0.023577882704827892,0.007173933036428158,0.03075181574125605,5000,10
6,UE-438,0.0,background,0.09286387404279117,0.02832203833931024,0.12118591238210141,5000,10
6,UE-439,0.0,real_time,2.7905720857017418,0.7829720750021014,3.573544160703843,150,1
6,UE-440,0.0,background,0.03631525850778439,0.00837455073073485,0.044689809238519236,5000,10
6,UE-441,0.0,real_time,0.0,0.0,0.0,150,1
6,UE-442,0.0,bursty,0.0,0.0,0.0,1000,5
6,UE-443,0.0,video_streaming,1934.7475442980071,565.2524557019926,2500.0,500,2
6,UE-444,0.0,background,0.03937811750464178,0.011436374949855745,0.05081449245449752,5000,10
6,UE-445,0.0,background,0.05303407404934407,0.010681392953696576,0.06371546700304065,5000,10
6,UE-446,0.0,background,0.016369361851913053,0.003473703236701599,0.01984306508861465,5000,10
6,UE-447,0.0,background,0.2000794561191116,0.06386249814829377,0.26394195426740535,5000,10
6,UE-448,0.0,background,0.12799751610359356,0.04165133153169347,0.16964884763528704,5000,10
6,UE-449,0.0,background,0.00995318227684074,0.0018076947980471911,0.01176087707488793,5000,10
6,UE-450,0.0,real_time,1.258357388809872,0.24570005578259996,1.5040574445924721,150,1
6,UE-451,0.0,background,0.03913033769613958,0.009690144003510691,0.04882048169965027,5000,10
6,UE-452,0.0,real_time,0.0,0.0,0.0,150,1
6,UE-453,0.0,real_time,2.3341762153824623,0.4213130357883679,2.75548925117083,150,1
6,UE-454,0.0,bursty,0.0,0.0,0.0,1000,5
6,UE-455,0.0,real_time,49.08635951707876,15.609092643738574,64.69545216081734,150,1
6,UE-456,0.0,background,0.2084272615532873,0.04445613875890578,0.2528834003121931,5000,10
6,UE-457,0.0,real_time,0.0,0.0,0.0,150,1
6,UE-458,0.0,video_streaming,2045.0841579853852,454.915842014615,2500.0,500,2
6,UE-459,0.0,real_time,4.990178791712614,1.5049697244274367,6.495148516140051,150,1
6,UE-460,0.0,background,0.013521438221571008,0.004362040594170417,0.017883478815741427,5000,10
6,UE-461,0.0,real_time,1.3458332527902739,0.42633221187423403,1.772165464664508,150,1
6,UE-462,0.0,real_time,101.60807958895344,24.9586117481117,126.56669133706514,150,1
6,UE-463,0.0,real_time,56.07586976231175,12.734063922803392,68.80993368511514,150,1
6,UE-464,0.0,video_streaming,2001.305619244235,498.69438075576505,2500.0,500,2
6,UE-465,0.0,real_time,1.5992069030557845,0.2965364006836814,1.8957433037394658,150,1
6,UE-466,0.0,real_time,50.63080068944525,12.089257533537266,62.72005822298252,150,1
6,UE-467,0.0,background,0.14559019426557077,0.045799643377985484,0.19138983764355624,5000,10
6,UE-468,0.0,video_streaming,2100.6486082185347,399.35139178146534,2500.0,500,2
6,UE-469,0.0,bursty,0.0,0.0,0.0,1000,5
6,UE-470,0.0,bursty,1928.6147037035594,629.6242598121904,2558.2389635157497,1000,5
6,UE-471,0.0,video_streaming,1879.201208585577,620.7987914144232,2500.0,500,2
6,UE-472,0.0,video_streaming,2082.1712780930256,417.8287219069741,2500.0,500,2
6,UE-473,0.0,video_streaming,1917.4737736766224,582.5262263233777,2500.0,500,2
6,UE-474,0.0,video_streaming,1935.7662901230576,564.2337098769424,2500.0,500,2
6,UE-475,0.0,bursty,0.0,0.0,0.0,1000,5
6,UE-476,0.0,bursty,0.0,0.0,0.0,1000,5
6,UE-477,0.0,video_streaming,2013.3996678855428,486.60033211445705,2500.0,500,2
6,UE-478,0.0,bursty,2273.6102440903283,419.42986932938726,2693.0401134197155,1000,5
6,UE-479,0.0,real_time,53.258538898636516,9.70220154871828,62.960740447354794,150,1
6,UE-480,0.0,video_streaming,2086.040709097657,413.9592909023432,2500.0,500,2
6,UE-481,0.0,real_time,4.28555282985276,1.3338075717975053,5.619360401650265,150,1
6,UE-482,0.0,video_streaming,1974.849360429238,525.150639570762,2500.0,500,2
6,UE-483,0.0,bursty,0.0,0.0,0.0,1000,5
6,UE-484,0.0,bursty,414.58971352569284,113.75069612394752,528.3404096496404,1000,5
6,UE-485,0.0,bursty,0.0,0.0,0.0,1000,5
6,UE-486,0.0,background,0.16310813530624518,0.034297716303578626,0.19740585160982382,5000,10
6,UE-487,0.0,background,0.06338337938202292,0.017828440128119252,0.08121181951014217,5000,10
6,UE-488,0.0,background,0.10359050922750991,0.026228314129356438,0.12981882335686634,5000,10
6,UE-489,0.0,real_time,0.0,0.0,0.0,150,1
6,UE-490,0.0,real_time,1.6723632418093621,0.4577501234334201,2.1301133652427824,150,1
6,UE-491,0.0,bursty,0.0,0.0,0.0,1000,5
6,UE-492,0.0,background,0.021940544935081935,0.004125157215538474,0.026065702150620408,5000,10
6,UE-493,0.0,background,0.01391455429140316,0.004119640484318827,0.018034194775721987,5000,10
6,UE-494,0.0,background,0.1091805733286812,0.020336501825696126,0.12951707515437733,5000,10
6,UE-495,0.0,real_time,2.170227694505335,0.5357441684489638,2.705971862954299,150,1
6,UE-496,0.0,video_streaming,2104.906810855777,395.0931891442231,2500.0,500,2
6,UE-497,0.0,real_time,0.8062926881994646,0.20264093272901768,1.0089336209284823,150,1
6,UE-498,0.0,bursty,0.0,0.0,0.0,1000,5
6,UE-499,0.0,bursty,0.0,0.0,0.0,1000,5
6,UE-500,0.0,background,0.0246310344308214,0.00653431146558512,0.031165345896406522,5000,10
6,UE-501,0.0,real_time,52.11800693385377,15.295023046328645,67.41302998018242,150,1
6,UE-502,0.0,video_streaming,1917.6913503714072,582.308649628593,2500.0,500,2
6,UE-503,0.0,real_time,1.9834458439181404,0.541686295042549,2.5251321389606893,150,1
6,UE-504,0.0,bursty,0.0,0.0,0.0,1000,5
6,UE-505,0.0,background,0.019065270686092827,0.0042268117095256574,0.023292082395618485,5000,10
6,UE-506,0.0,background,0.07802923870811615,0.017714801039736997,0.09574403974785316,5000,10
6,UE-507,0.0,video_streaming,2008.8594671845567,491.1405328154432,2500.0,500,2
6,UE-508,0.0,video_streaming,2009.7373962843974,490.2626037156027,2500.0,500,2
6,UE-509,0.0,real_time,8.12754589282883,1.6793267762892332,9.806872669118064,150,1
6,UE-510,0.0,bursty,0.0,0.0,0.0,1000,5
6,UE-511,0.0,video_streaming,1889.0167888532944,610.9832111467058,2500.0,500,2
6,UE-512,0.0,video_streaming,2100.4598334536063,399.54016654639366,2500.0,500,2
6,UE-513,0.0,background,0.05673955139432581,0.014837231536266031,0.07157678293059183,5000,10
6,UE-514,0.0,bursty,3301.643650709194,920.9294135367926,4222.573064245987,1000,5
6,UE-515,0.0,background,0.04462837797743226,0.011381146099859438,0.0560095240772917,5000,10
6,UE-516,0.0,video_streaming,2110.657282778891,389.3427172211088,2500.0,500,2
6,UE-517,0.0,video_streaming,2033.3799013331804,466.6200986668196,2500.0,500,2
6,UE-518,0.0,background,0.06475905775742218,0.013897655464089127,0.0786567132215113,5000,10
6,UE-519,0.0,video_streaming,1931.9256498344782,568.0743501655215,2500.0,500,2
6,UE-520,0.0,bursty,0.0,0.0,0.0,1000,5
6,UE-521,0.0,real_time,52.119086549709074,10.09680180578067,62.21588835548974,150,1
6,UE-522,0.0,video_streaming,2008.2782096933854,491.7217903066144,2500.0,500,2
6,UE-523,0.0,bursty,2612.948494085161,861.6616744990887,3474.61016858425,1000,5
6,UE-524,0.0,real_time,0.0,0.0,0.0,150,1
6,UE-525,0.0,bursty,0.0,0.0,0.0,1000,5
6,UE-526,0.0,video_streaming,2024.92301521358,475.0769847864201,2500.0,500,2
6,UE-527,0.0,bursty,0.0,0.0,0.0,1000,5
6,UE-528,0.0,bursty,0.0,0.0,0.0,1000,5
6,UE-529,0.0,bursty,0.0,0.0,0.0,1000,5
6,UE-530,0.0,real_time,50.58416807049733,12.666045592642055,63.25021366313938,150,1
6,UE-531,0.0,real_time,55.023663918366914,9.954611673271392,64.97827559163831,150,1
6,UE-532,0.0,background,0.07734631012377473,0.02195798762702841,0.09930429775080314,5000,10
6,UE-533,0.0,bursty,2513.2051317995574,801.8326347037952,3315.037766503353,1000,5
6,UE-534,0.0,background,0.01069882798563429,0.0034918238522102076,0.014190651837844499,5000,10
6,UE-535,0.0,real_time,103.65786105172697,25.559598470070164,129.21745952179714,150,1
6,UE-536,0.0,background,0.07235780964735902,0.01534331740293891,0.08770112705029794,5000,10
6,UE-537,0.0,background,0.1122498836234268,0.027956609100213674,0.14020649272364047,5000,10
6,UE-538,0.0,real_time,2.801911683907154,0.918900968962958,3.7208126528701118,150,1
6,UE-539,0.0,video_streaming,2057.3890013458267,442.61099865417356,2500.0,500,2
6,UE-540,0.0,real_time,100.0242432438013,31.42325756511072,131.44750080891203,150,1
6,UE-541,0.0,real_time,50.091979874624656,13.834199677243376,63.92617955186804,150,1
6,UE-542,0.0,background,0.07726396611651382,0.017145751214879025,0.09440971733139283,5000,10
6,UE-543,0.0,background,0.08081311058454967,0.014385028327961296,0.09519813891251097,5000,10
6,UE-544,0.0,real_time,0.0,0.0,0.0,150,1
6,UE-545,0.0,real_time,57.24090097230301,11.300110400474862,68.54101137277787,150,1
6,UE-546,0.0,real_time,2.4083896568716714,0.4669135001818395,2.875303157053511,150,1
6,UE-547,0.0,real_time,49.63390528638223,16.46143718303243,66.09534246941466,150,1
6,UE-548,0.0,real_time,0.12790928127850307,0.03808222471787181,0.16599150599637486,150,1
6,UE-549,0.0,background,0.03581091789897747,0.01058999652957261,0.046400914428550086,5000,10
6,UE-550,0.0,video_streaming,2124.657240536484,375.3427594635158,2500.0,500,2
6,UE-551,0.0,background,0.11282889049858359,0.03534790290436531,0.1481767934029489,5000,10
6,UE-552,0.0,bursty,2305.3436725060287,739.4882894786525,3044.831961984681,1000,5
6,UE-553,0.0,real_time,5.15492836405318,1.3074127856079023,6.462341149661082,150,1
6,UE-554,0.0,bursty,0.0,0.0,0.0,1000,5
6,UE-555,0.0,video_streaming,2064.4157301373793,435.5842698626207,2500.0,500,2
6,UE-556,0.0,video_streaming,2106.637882988192,393.36211701180827,2500.0,500,2
6,UE-557,0.0,video_streaming,1924.3955403134305,575.6044596865696,2500.0,500,2
6,UE-558,0.0,background,0.13785231933263942,0.027116862664061096,0.16496918199670052,5000,10
6,UE-559,0.0,real_time,0.0,0.0,0.0,150,1
6,UE-560,0.0,real_time,101.32590008599321,25.165201318645263,126.49110140463847,150,1
6,UE-561,0.0,background,0.020704467233292126,0.005869304869094724,0.02657377210238685,5000,10
6,UE-562,0.0,video_streaming,2018.1861807219975,481.81381927800237,2500.0,500,2
6,UE-563,0.0,background,0.104852069635467,0.02799077398503857,0.13284284362050558,5000,10
6,UE-564,0.0,video_streaming,2075.5257872312127,424.47421276878725,2500.0,500,2
6,UE-565,0.0,real_time,0.0,0.0,0.0,150,1
6,UE-566,0.0,video_streaming,1900.336540503954,599.6634594960458,2500.0,500,2
6,UE-567,0.0,background,0.07017620074478564,0.02097425506385917,0.09115045580864482,5000,10
6,UE-568,0.0,bursty,0.0,0.0,0.0,1000,5
6,UE-569,0.0,background,0.1372528159585077,0.03315248331736517,0.17040529927587286,5000,10
6,UE-570,0.0,real_time,0.39576234228572893,0.10528368671994183,0.5010460290056707,150,1
6,UE-571,0.0,background,0.05270650187829563,0.016207773961139007,0.06891427583943463,5000,10
6,UE-572,0.0,video_streaming,2118.5602695892994,381.4397304107007,2500.0,500,2
6,UE-573,0.0,background,0.13761093334221883,0.03373240636162123,0.17134333970384005,5000,10
6,UE-574,0.0,bursty,0.0,0.0,0.0,1000,5
6,UE-575,0.0,background,0.11393480008508156,0.035623467759787794,0.14955826784486934,5000,10
6,UE-576,0.0,video_streaming,2001.0414414855143,498.9585585144858,2500.0,500,2
6,UE-577,0.0,bursty,867.2142340151105,228.40631566909283,1095.6205496842033,1000,5
6,UE-578,0.0,bursty,0.0,0.0,0.0,1000,5
6,UE-579,0.0,background,0.03718663292482263,0.007736907535583743,0.04492354046040638,5000,10
6,UE-580,0.0,background,0.07382389090451026,0.02317178236133903,0.09699567326584929,5000,10
6,UE-581,0.0,real_time,0.005566688783173805,0.0012550535555187919,0.006821742338692596,150,1
6,UE-582,0.0,real_time,50.649525773508216,10.941400638775123,61.590926412283345,150,1
6,UE-583,0.0,video_streaming,1959.9781615775346,540.0218384224654,2500.0,500,2
6,UE-584,0.0,real_time,0.0,0.0,0.0,150,1
6,UE-585,0.0,background,0.01844995502450055,0.003535699069866386,0.021985654094366938,5000,10
6,UE-586,0.0,video_streaming,1933.7675884649605,566.2324115350395,2500.0,500,2
6,UE-587,0.0,real_time,57.3025846141681,16.149910391047808,73.45249500521591,150,1
6,UE-588,0.0,background,0.16281029208968853,0.034983603789453095,0.19779389587914162,5000,10
6,UE-589,0.0,bursty,0.0,0.0,0.0,1000,5
6,UE-590,0.0,real_time,0.0,0.0,0.0,150,1
6,UE-591,0.0,real_time,6.581920163188245,1.2477279766743217,7.829648139862567,150,1
6,UE-592,0.0,real_time,0.0,0.0,0.0,150,1
6,UE-593,0.0,real_time,7.403347943627411,1.3491154195129975,8.752463363140409,150,1
6,UE-594,0.0,background,0.03452755891584646,0.006380867044884806,0.04090842596073127,5000,10
6,UE-595,0.0,real_time,153.98966611718376,43.69120705495719,197.68087317214096,150,1
6,UE-596,0.0,background,0.0950844561700009,0.01814486724882279,0.11322932341882369,5000,10
6,UE-597,0.0,background,0.021214674317625578,0.007010597281206902,0.02822527159883248,5000,10
6,UE-598,0.0,real_time,108.46599580048606,21.931173808083226,130.39716960856927,150,1
6,UE-599,0.0,video_streaming,1879.6809596073447,620.3190403926553,2500.0,500,2
6,UE-600,0.0,background,0.03560024761926793,0.00628494252352974,0.04188519014279767,5000,10
6,UE-601,0.0,real_time,2.5558830862595507,0.5312583114840951,3.087141397743646,150,1
6,UE-602,0.0,real_time,1.1613777092710964,0.2699064595158641,1.4312841687869606,150,1
6,UE-603,0.0,background,0.11907977230490797,0.03884842461676117,0.15792819692166915,5000,10
6,UE-604,0.0,background,0.11518049840562546,0.032940765160823594,0.14812126356644906,5000,10
6,UE-605,0.0,background,0.21885813115103575,0.052661114428717674,0.27151924557975343,5000,10
6,UE-606,0.0,background,0.23210042994148192,0.061766605279592796,0.2938670352210747,5000,10
6,UE-607,0.0,bursty,0.0,0.0,0.0,1000,5
6,UE-608,0.0,real_time,1.190015549199459,0.3646009279412073,1.5546164771406663,150,1
6,UE-609,0.0,bursty,0.0,0.0,0.0,1000,5
6,UE-610,0.0,real_time,0.0,0.0,0.0,150,1
6,UE-611,0.0,real_time,5.386155220617107,1.6406846612399677,7.026839881857075,150,1
6,UE-612,0.0,bursty,0.0,0.0,0.0,1000,5
6,UE-613,0.0,bursty,0.0,0.0,0.0,1000,5
6,UE-614,0.0,background,0.27279536578373015,0.06647325291219164,0.3392686186959218,5000,10
6,UE-615,0.0,background,0.22135373874982844,0.050824094722160026,0.2721778334719885,5000,10
6,UE-616,0.0,bursty,0.0,0.0,0.0,1000,5
6,UE-617,0.0,video_streaming,2089.8364830218698,410.16351697813025,2500.0,500,2
6,UE-618,0.0,bursty,1684.903284722067,491.7085589377923,2176.611843659859,1000,5
6,UE-619,0.0,video_streaming,2013.4748996280669,486.5251003719331,2500.0,500,2
6,UE-620,0.0,video_streaming,1972.5500033918531,527.449996608147,2500.0,500,2
6,UE-621,0.0,bursty,0.0,0.0,0.0,1000,5
6,UE-622,0.0,bursty,0.0,0.0,0.0,1000,5
6,UE-623,0.0,real_time,45.42304835321398,11.221338872863893,56.644387226077875,150,1
6,UE-624,0.0,video_streaming,2013.1347948904267,486.86520510957314,2500.0,500,2
6,UE-625,0.0,video_streaming,1978.6300980642004,521.3699019357995,2500.0,500,2
6,UE-626,0.0,background,0.16048187333243924,0.04716377082640813,0.20764564415884737,5000,10
6,UE-627,0.0,real_time,0.0,0.0,0.0,150,1
6,UE-628,0.0,real_time,52.19201131166034,16.416733438287423,68.60874474994776,150,1
6,UE-629,0.0,video_streaming,1927.904850226579,572.095149773421,2500.0,500,2
6,UE-630,0.0,real_time,0.0,0.0,0.0,150,1
6,UE-631,0.0,bursty,0.0,0.0,0.0,1000,5
6,UE-632,0.0,bursty,1215.8613396431797,253.74883425639936,1469.6101738995792,1000,5
6,UE-633,0.0,real_time,52.62708519991131,16.603438870531868,69.23052407044318,150,1
6,UE-634,0.0,background,0.04387226441387411,0.008282989463116772,0.05215525387699088,5000,10
6,UE-635,0.0,real_time,97.73037033692955,24.184895736545098,121.91526607347465,150,1
6,UE-636,0.0,background,0.004069969220229955,0.0010937035597060965,0.005163672779936051,5000,10
6,UE-637,0.0,video_streaming,2108.044906616307,391.95509338369294,2500.0,500,2
6,UE-638,0.0,video_streaming,1954.1958231199046,545.8041768800953,2500.0,500,2
6,UE-639,0.0,real_time,98.62841461618179,20.172490351023747,118.80090496720553,150,1
6,UE-640,0.0,video_streaming,1999.0350565275949,500.9649434724049,2500.0,500,2
6,UE-641,0.0,bursty,0.0,0.0,0.0,1000,5
6,UE-642,0.0,background,0.08875683082843218,0.02601686019276707,0.11477369102119923,5000,10
6,UE-643,0.0,background,0.15654030276946868,0.0290903748554217,0.18563067762489038,5000,10
6,UE-644,0.0,real_time,3.4680952292145206,1.0760713846782675,4.544166613892788,150,1
6,UE-645,0.0,real_time,57.105231226403134,10.12423892053483,67.22947014693797,150,1
6,UE-646,0.0,real_time,53.84582866458464,16.954966156591574,70.80079482117621,150,1
6,UE-647,0.0,bursty,0.0,0.0,0.0,1000,5
6,UE-648,0.0,video_streaming,2009.8141432814625,490.18585671853737,2500.0,500,2
6,UE-649,0.0,video_streaming,1895.1543854389815,604.8456145610185,2500.0,500,2
6,UE-650,0.0,video_streaming,2124.2417661663967,375.7582338336032,2500.0,500,2
6,UE-651,0.0,background,0.0008864812728695081,0.00025158469181724955,0.0011380659646867575,5000,10
6,UE-652,0.0,real_time,0.0,0.0,0.0,150,1
6,UE-653,0.0,video_streaming,1939.8519290247166,560.1480709752834,2500.0,500,2
6,UE-654,0.0,bursty,0.0,0.0,0.0,1000,5
6,UE-655,0.0,real_time,2.4356161000046193,0.4563387939167006,2.8919548939213198,150,1
6,UE-656,0.0,bursty,0.0,0.0,0.0,1000,5
6,UE-657,0.0,bursty,0.0,0.0,0.0,1000,5
6,UE-658,0.0,video_streaming,1939.4692688764042,560.5307311235956,2500.0,500,2
6,UE-659,0.0,video_streaming,2012.0897185848794,487.9102814151207,2500.0,500,2
6,UE-660,0.0,bursty,0.0,0.0,0.0,1000,5
6,UE-661,0.0,bursty,0.0,0.0,0.0,1000,5
6,UE-662,0.0,bursty,0.0,0.0,0.0,1000,5
6,UE-663,0.0,background,0.1135164247590628,0.021758232426940083,0.13527465718600287,5000,10
6,UE-664,0.0,background,0.31395175938911485,0.0654894073381938,0.37944116672730865,5000,10
6,UE-665,0.0,bursty,0.0,0.0,0.0,1000,5
6,UE-666,0.0,real_time,49.16967565730841,8.989107870090649,58.15878352739906,150,1
6,UE-667,0.0,video_streaming,2036.6299158612112,463.37008413878874,2500.0,500,2
6,UE-668,0.0,background,0.011226498937057012,0.003206607055499914,0.014433105992556925,5000,10
6,UE-669,0.0,background,0.09339399601321993,0.024060866375655198,0.11745486238887513,5000,10
6,UE-670,0.0,bursty,834.7671537693558,170.25948340860452,1005.0266371779603,1000,5
6,UE-671,0.0,video_streaming,2072.9134693041774,427.08653069582243,2500.0,500,2
6,UE-672,0.0,video_streaming,1932.0673758709524,567.9326241290474,2500.0,500,2
6,UE-673,0.0,background,0.02352797531071492,0.006468565207258528,0.029996540517973444,5000,10
6,UE-674,0.0,background,0.1361170563526981,0.0315951870382921,0.16771224339099022,5000,10
6,UE-675,0.0,background,0.020143318264402334,0.003559245533227509,0.02370256379762984,5000,10
6,UE-676,0.0,real_time,52.3478358925262,12.540188320523528,64.88802421304973,150,1
6,UE-677,0.0,video_streaming,2100.534743776692,399.4652562233083,2500.0,500,2
6,UE-678,0.0,background,0.014339743987997446,0.0038773280164317624,0.018217072004429208,5000,10
6,UE-679,0.0,real_time,0.0,0.0,0.0,150,1
6,UE-680,0.0,real_time,0.0,0.0,0.0,150,1
6,UE-681,0.0,background,0.011451103789520972,0.003404179948018966,0.014855283737539937,5000,10
6,UE-682,0.0,background,0.18531866301255176,0.04088314293160038,0.22620180594415215,5000,10
6,UE-683,0.0,real_time,52.53072635196075,11.308028430709,63.83875478266975,150,1
6,UE-684,0.0,real_time,56.308305928863064,14.360943088013581,70.66924901687665,150,1
6,UE-685,0.0,bursty,0.0,0.0,0.0,1000,5
6,UE-686,0.0,real_time,9.867716797491036,1.8862129070161697,11.753929704507208,150,1
6,UE-687,0.0,background,0.16926347105159537,0.045442934333521125,0.21470640538511648,5000,10
6,UE-688,0.0,background,0.07113771284022688,0.014491782210974387,0.08562949505120127,5000,10
6,UE-689,0.0,real_time,4.102479962660489,1.1592786130617971,5.261758575722285,150,1
6,UE-690,0.0,background,0.0043759810049315,0.001244323547979065,0.005620304552910565,5000,10
6,UE-691,0.0,real_time,2.5503714507303776,0.6130596018359773,3.163431052566355,150,1
6,UE-692,0.0,video_streaming,2106.909289604551,393.090710395449,2500.0,500,2
6,UE-693,0.0,background,0.00013273849134734855,3.975351777805149e-05,0.00017249200912540004,5000,10
6,UE-694,0.0,bursty,0.0,0.0,0.0,1000,5
6,UE-695,0.0,background,0.134189691292218,0.04413614117710067,0.17832583246931866,5000,10
6,UE-696,0.0,bursty,0.0,0.0,0.0,1000,5
6,UE-697,0.0,background,0.01716727832487147,0.004445470550936566,0.02161274887580804,5000,10
6,UE-698,0.0,real_time,2.198085871234708,0.40996401624097945,2.6080498874756874,150,1
6,UE-699,0.0,background,0.2570585420537386,0.05016042167787678,0.3072189637316154,5000,10
6,UE-700,0.0,real_time,54.4789905733934,11.13018136460353,65.60917193799693,150,1
6,UE-701,0.0,background,0.07016002893482333,0.017692980608208658,0.08785300954303199,5000,10
6,UE-702,0.0,bursty,0.0,0.0,0.0,1000,5
6,UE-703,0.0,real_time,93.98918900781996,27.174931724371817,121.16412073219178,150,1
6,UE-704,0.0,video_streaming,2025.1789714886336,474.8210285113662,2500.0,500,2
6,UE-705,0.0,video_streaming,2073.946672013218,426.0533279867819,2500.0,500,2
6,UE-706,0.0,video_streaming,2063.5198507853192,436.4801492146808,2500.0,500,2
6,UE-707,0.0,background,0.07197286981363842,0.014637718012270047,0.08661058782590847,5000,10
6,UE-708,0.0,video_streaming,1961.8232073327479,538.176792667252,2500.0,500,2
6,UE-709,0.0,video_streaming,2104.4887172482695,395.51128275173033,2500.0,500,2
6,UE-710,0.0,bursty,0.0,0.0,0.0,1000,5
6,UE-711,0.0,real_time,52.2477907224996,9.33434354207469,61.58213426457429,150,1
6,UE-712,0.0,bursty,0.0,0.0,0.0,1000,5
6,UE-713,0.0,bursty,3018.8426377184387,847.004958091671,3865.84759581011,1000,5
6,UE-714,0.0,bursty,0.0,0.0,0.0,1000,5
6,UE-715,0.0,bursty,0.0,0.0,0.0,1000,5
6,UE-716,0.0,real_time,0.7499361271894945,0.14763174521861117,0.8975678724081058,150,1
6,UE-717,0.0,background,0.048678658935860875,0.01455208174566086,0.06323074068152174,5000,10
6,UE-718,0.0,video_streaming,1940.9021644763297,559.0978355236704,2500.0,500,2
6,UE-719,0.0,video_streaming,2089.621343937815,410.3786560621853,2500.0,500,2
6,UE-720,0.0,bursty,0.0,0.0,0.0,1000,5
6,UE-721,0.0,bursty,0.0,0.0,0.0,1000,5
6,UE-722,0.0,background,0.09285867595909199,0.02408881685178209,0.11694749281087408,5000,10
6,UE-723,0.0,video_streaming,1967.3680185258952,532.6319814741047,2500.0,500,2
6,UE-724,0.0,video_streaming,2061.7479426514624,438.25205734853745,2500.0,500,2
6,UE-725,0.0,real_time,51.94520026983033,14.121711089904293,66.06691135973462,150,1
6,UE-726,0.0,video_streaming,1926.829695757086,573.170304242914,2500.0,500,2
6,UE-727,0.0,background,0.07894316596497974,0.014725177038731024,0.09366834300371077,5000,10
6,UE-728,0.0,bursty,0.0,0.0,0.0,1000,5
6,UE-729,0.0,bursty,0.0,0.0,0.0,1000,5
6,UE-730,0.0,background,0.02389123768008978,0.007144597517599983,0.03103583519768976,5000,10
6,UE-731,0.0,real_time,3.634935047075151,1.0829871163912765,4.717922163466428,150,1
6,UE-732,0.0,bursty,0.0,0.0,0.0,1000,5
6,UE-733,0.0,background,0.03347969457023673,0.00960525104978011,0.04308494562001684,5000,10
6,UE-734,0.0,background,0.007262476681975664,0.002361584617063452,0.009624061299039116,5000,10
6,UE-735,0.0,bursty,1515.4103702882815,356.5690336147438,1871.9794039030253,1000,5
6,UE-736,0.0,bursty,0.0,0.0,0.0,1000,5
6,UE-737,0.0,bursty,453.60243271352573,100.5338544443329,554.1362871578586,1000,5
6,UE-738,0.0,background,0.11666963309891785,0.03828215103452785,0.1549517841334457,5000,10
6,UE-739,0.0,background,0.08785137144614936,0.015668598423296123,0.10351996986944548,5000,10
6,UE-740,0.0,real_time,1.9154935254722143,0.6333251007608981,2.5488186262331123,150,1
6,UE-741,0.0,real_time,144.64205460855553,47.14599100686484,191.78804561542037,150,1
6,UE-742,0.0,video_streaming,1949.5340769172303,550.4659230827696,2500.0,500,2
6,UE-743,0.0,video_streaming,1980.4761979296657,519.5238020703345,2500.0,500,2
6,UE-744,0.0,real_time,54.25012946731464,10.740819653611714,64.99094912092636,150,1
6,UE-745,0.0,video_streaming,2019.2541139581672,480.74588604183305,2500.0,500,2
6,UE-746,0.0,video_streaming,1918.8283031794026,581.1716968205973,2500.0,500,2
6,UE-747,0.0,real_time,100.41458828086176,20.801676423602444,121.21626470446421,150,1
6,UE-748,0.0,bursty,0.0,0.0,0.0,1000,5
6,UE-749,0.0,video_streaming,1878.7721497480695,621.2278502519306,2500.0,500,2
6,UE-750,0.0,background,0.003631227909247853,0.0007753661310542152,0.004406594040302068,5000,10
6,UE-751,0.0,real_time,48.47248119339558,15.360247129474077,63.832728322869656,150,1
6,UE-752,0.0,video_streaming,1977.7532740513784,522.2467259486217,2500.0,500,2
6,UE-753,0.0,real_time,48.38214641969802,12.790308826289644,61.172455245987656,150,1
6,UE-754,0.0,real_time,0.0,0.0,0.0,150,1
6,UE-755,0.0,video_streaming,2028.6948547782902,471.3051452217097,2500.0,500,2
6,UE-756,0.0,background,0.023864820052155893,0.0059410473055126105,0.029805867357668506,5000,10
6,UE-757,0.0,real_time,42.34713421161311,13.988140769288723,56.33527498090183,150,1
6,UE-758,0.0,video_streaming,2092.4487579902825,407.5512420097175,2500.0,500,2
6,UE-759,0.0,background,0.06577159909551257,0.017458208047114246,0.08322980714262682,5000,10
6,UE-760,0.0,real_time,44.4069585222536,14.267810439540074,58.674768961793674,150,1
6,UE-761,0.0,background,0.08882073271084225,0.015978524500569014,0.10479925721141126,5000,10
6,UE-762,0.0,video_streaming,1919.5407087139065,580.4592912860934,2500.0,500,2
6,UE-763,0.0,bursty,0.0,0.0,0.0,1000,5
6,UE-764,0.0,video_streaming,1998.621310569072,501.3786894309281,2500.0,500,2
6,UE-765,0.0,real_time,97.44463616289534,26.53986217937081,123.98449834226614,150,1
6,UE-766,0.0,background,0.08287402078063627,0.02065335537865122,0.10352737615928748,5000,10
6,UE-767,0.0,video_streaming,1881.9288346856008,618.0711653143992,2500.0,500,2
6,UE-768,0.0,background,0.04424523260895825,0.012164292573290129,0.05640952518224837,5000,10
6,UE-769,0.0,background,0.08219635206048359,0.02503672799998978,0.10723308006047337,5000,10
6,UE-770,0.0,bursty,0.0,0.0,0.0,1000,5
6,UE-771,0.0,real_time,51.58770530902536,14.155901292600214,65.74360660162557,150,1
6,UE-772,0.0,background,0.036961827230978496,0.00959774397184951,0.046559571202828005,5000,10
6,UE-773,0.0,real_time,6.2448576650848775,1.5071408667731023,7.75199853185798,150,1
6,UE-774,0.0,video_streaming,2054.552631092424,445.44736890757594,2500.0,500,2
6,UE-775,0.0,video_streaming,2076.5851747345178,423.4148252654825,2500.0,500,2
6,UE-776,0.0,bursty,2658.1095408334754,580.1203197864988,3238.2298606199743,1000,5
6,UE-777,0.0,real_time,3.9111462388396907,1.2918684138672354,5.203014652706926,150,1
6,UE-778,0.0,video_streaming,1903.6488837484471,596.3511162515528,2500.0,500,2
6,UE-779,0.0,video_streaming,2108.0469757319033,391.95302426809667,2500.0,500,2
6,UE-780,0.0,background,0.09989267796165248,0.019857545892744563,0.11975022385439703,5000,10
6,UE-781,0.0,bursty,0.0,0.0,0.0,1000,5
6,UE-782,0.0,background,0.022851498482097523,0.00527410957144797,0.028125608053545494,5000,10
6,UE-783,0.0,real_time,2.68155879063207,0.5042768255598018,3.1858356161918717,150,1
6,UE-784,0.0,real_time,3.0875854101326414,0.745110247936151,3.8326956580687925,150,1
6,UE-785,0.0,background,0.04496077253136693,0.0101164509552599,0.05507722348662683,5000,10
6,UE-786,0.0,video_streaming,1941.4808280822313,558.5191719177687,2500.0,500,2
6,UE-787,0.0,video_streaming,2092.769206638048,407.23079336195167,2500.0,500,2
6,UE-788,0.0,bursty,0.0,0.0,0.0,1000,5
6,UE-789,0.0,background,0.007099864481808494,0.0016193150784538759,0.00871917956026237,5000,10
6,UE-790,0.0,video_streaming,2069.5157903069344,430.48420969306574,2500.0,500,2
6,UE-791,0.0,video_streaming,2084.5570932002697,415.4429067997301,2500.0,500,2
6,UE-792,0.0,real_time,0.0,0.0,0.0,150,1
6,UE-793,0.0,bursty,0.0,0.0,0.0,1000,5
6,UE-794,0.0,background,0.02646061820137715,0.005295699368513996,0.03175631756989115,5000,10
6,UE-795,0.0,background,0.04214807104304667,0.0106191061331611,0.05276717717620777,5000,10
6,UE-796,0.0,background,0.018274183642230574,0.003974789448198501,0.022248973090429076,5000,10
6,UE-797,0.0,background,0.14662341544438232,0.0296322192476617,0.176255634692044,5000,10
6,UE-798,0.0,real_time,115.07890063335357,22.333777772018504,137.41267840537208,150,1
6,UE-799,0.0,real_time,1.3340323737347284,0.3258555607981704,1.659887934532899,150,1
6,UE-800,0.0,real_time,53.558095299756125,13.995065198879493,67.55316049863562,150,1
6,UE-801,0.0,background,0.049425636590930445,0.009569844515891933,0.05899548110682238,5000,10
6,UE-802,0.0,background,0.011292534003340677,0.0028579487549574576,0.014150482758298133,5000,10
6,UE-803,0.0,background,0.04515266023413818,0.011081505523014535,0.05623416575715271,5000,10
6,UE-804,0.0,video_streaming,2106.853903158195,393.14609684180476,2500.0,500,2
6,UE-805,0.0,real_time,4.482900902632234,1.4314293106796159,5.91433021331185,150,1
6,UE-806,0.0,background,0.055046379646563434,0.01547394493592155,0.07052032458248499,5000,10
6,UE-807,0.0,real_time,48.47718974195988,10.959070466295888,59.436260208255774,150,1
6,UE-808,0.0,background,0.003149911152777228,0.0006947485164355113,0.0038446596692127393,5000,10
6,UE-809,0.0,background,0.09866985123968501,0.018173922046674135,0.11684377328635914,5000,10
6,UE-810,0.0,real_time,0.0,0.0,0.0,150,1
6,UE-811,0.0,background,0.18283821965559569,0.04000596164446975,0.22284418130006545,5000,10
6,UE-812,0.0,bursty,0.0,0.0,0.0,1000,5
6,UE-813,0.0,real_time,2.723042191957038,0.7316783352146837,3.4547205271717214,150,1
6,UE-814,0.0,video_streaming,1977.6623982993974,522.3376017006026,2500.0,500,2
6,UE-815,0.0,background,0.1412402203966551,0.03294979241862122,0.17419001281527632,5000,10
6,UE-816,0.0,real_time,49.49233683311187,10.50603144336276,59.99836827647463,150,1
6,UE-817,0.0,video_streaming,1892.9820886385535,607.0179113614467,2500.0,500,2
6,UE-818,0.0,background,0.018946303867480026,0.005237080994137386,0.024183384861617415,5000,10
6,UE-819,0.0,video_streaming,1901.7248913416167,598.2751086583834,2500.0,500,2
6,UE-820,0.0,real_time,63.134215319333826,13.03328809557684,76.16750341491067,150,1
6,UE-821,0.0,background,0.2406272014945574,0.053012371028900176,0.29363957252345757,5000,10
6,UE-822,0.0,background,0.048410441076258304,0.01219539235884605,0.06060583343510435,5000,10
6,UE-823,0.0,bursty,913.2945262444827,236.36222024876446,1149.656746493247,1000,5
6,UE-824,0.0,background,0.02390101046401581,0.0043091071601327425,0.028210117624148552,5000,10
6,UE-825,0.0,video_streaming,1897.172789471545,602.827210528455,2500.0,500,2
6,UE-826,0.0,background,0.05120864277718926,0.01656662745173144,0.0677752702289207,5000,10
6,UE-827,0.0,real_time,0.0,0.0,0.0,150,1
6,UE-828,0.0,bursty,0.0,0.0,0.0,1000,5
6,UE-829,0.0,bursty,1229.3453074367526,315.18845387802253,1544.5337613147751,1000,5
6,UE-830,0.0,background,0.05424672486693235,0.00971607777719987,0.06396280264413222,5000,10
6,UE-831,0.0,video_streaming,1996.940704742116,503.0592952578841,2500.0,500,2
6,UE-832,0.0,background,0.18098458266210027,0.04120331118742426,0.22218789384952453,5000,10
6,UE-833,0.0,bursty,1151.2160243341784,315.8979153412118,1467.1139396753904,1000,5
6,UE-834,0.0,video_streaming,2010.018733643394,489.98126635660606,2500.0,500,2
6,UE-835,0.0,background,0.05563702000928601,0.017979564599958874,0.07361658460924489,5000,10
6,UE-836,0.0,real_time,0.0,0.0,0.0,150,1
6,UE-837,0.0,bursty,0.0,0.0,0.0,1000,5
6,UE-838,0.0,bursty,0.0,0.0,0.0,1000,5
6,UE-839,0.0,real_time,55.719869511811446,10.64142072051292,66.36129023232436,150,1
6,UE-840,0.0,bursty,0.0,0.0,0.0,1000,5
6,UE-841,0.0,background,0.14054463871267675,0.04245099797223362,0.18299563668491037,5000,10
6,UE-842,0.0,real_time,4.594040840263537,0.9659941044730265,5.560034944736564,150,1
6,UE-843,0.0,background,0.024853227007326516,0.0056620698617641935,0.03051529686909071,5000,10
6,UE-844,0.0,background,0.026240547718732205,0.0070779927081020206,0.03331854042683423,5000,10
6,UE-845,0.0,real_time,51.42627351908024,15.120142329379984,66.54641584846023,150,1
6,UE-846,0.0,background,0.07272677362856436,0.022320079661778843,0.09504685329034321,5000,10
6,UE-847,0.0,real_time,48.37885791018276,11.871373926295307,60.250231836478065,150,1
6,UE-848,0.0,video_streaming,1997.9701276492776,502.0298723507225,2500.0,500,2
6,UE-849,0.0,video_streaming,2002.4060896118024,497.59391038819757,2500.0,500,2
6,UE-850,0.0,real_time,54.545602195080065,14.115627730843386,68.66122992592345,150,1
6,UE-851,0.0,video_streaming,1920.6717938529189,579.3282061470811,2500.0,500,2
6,UE-852,0.0,real_time,0.0,0.0,0.0,150,1
6,UE-853,0.0,real_time,4.556610718156139,0.8427691241019144,5.399379842258054,150,1
6,UE-854,0.0,video_streaming,2105.2418831444434,394.7581168555567,2500.0,500,2
6,UE-855,0.0,video_streaming,1924.1497643267344,575.8502356732655,2500.0,500,2
6,UE-856,0.0,bursty,0.0,0.0,0.0,1000,5
6,UE-857,0.0,bursty,0.0,0.0,0.0,1000,5
6,UE-858,0.0,background,0.0008380346534028679,0.00018235519915707355,0.0010203898525599415,5000,10
6,UE-859,0.0,video_streaming,2036.956614773886,463.04338522611386,2500.0,500,2
6,UE-860,0.0,real_time,49.49265747792188,14.801315039047367,64.29397251696925,150,1
6,UE-861,0.0,real_time,3.637512370283881,0.9858808722572452,4.623393242541126,150,1
6,UE-862,0.0,real_time,107.48592115039537,24.977839823035623,132.463760973431,150,1
6,UE-863,0.0,video_streaming,1911.8877126464263,588.1122873535736,2500.0,500,2
6,UE-864,0.0,background,0.16546601341701406,0.03362026261312734,0.1990862760301414,5000,10
6,UE-865,0.0,bursty,0.0,0.0,0.0,1000,5
6,UE-866,0.0,real_time,2.077191765002255,0.4154226641143688,2.4926144291166237,150,1
6,UE-867,0.0,real_time,50.509302259121725,12.37613022062044,62.885432479742164,150,1
6,UE-868,0.0,real_time,48.80054233018969,12.931095732077278,61.731638062266974,150,1
6,UE-869,0.0,real_time,2.222586578951166,0.578524964280491,2.8011115432316567,150,1
6,UE-870,0.0,background,0.13745819030998735,0.042413464673492884,0.17987165498348023,5000,10
6,UE-871,0.0,background,0.08211391794587691,0.024706056818455408,0.10681997476433232,5000,10
6,UE-872,0.0,bursty,0.0,0.0,0.0,1000,5
6,UE-873,0.0,bursty,783.9919187222729,179.25825011399618,963.250168836269,1000,5
6,UE-874,0.0,real_time,0.4704296505343029,0.14496333910366038,0.6153929896379633,150,1
6,UE-875,0.0,real_time,46.33538431521183,12.487551628108914,58.82293594332074,150,1
6,UE-876,0.0,real_time,7.9326698823449595,2.2127690176821733,10.145438900027132,150,1
6,UE-877,0.0,video_streaming,1998.9707594478523,501.0292405521478,2500.0,500,2
6,UE-878,0.0,video_streaming,2020.5317006320688,479.46829936793097,2500.0,500,2
6,UE-879,0.0,background,0.1474338032779867,0.04581989278812509,0.19325369606611176,5000,10
6,UE-880,0.0,video_streaming,2078.0102233324533,421.98977666754644,2500.0,500,2
6,UE-881,0.0,real_time,49.522391650574136,13.670258435904621,63.19265008647876,150,1
6,UE-882,0.0,video_streaming,1942.5339070163836,557.4660929836165,2500.0,500,2
6,UE-883,0.0,video_streaming,2041.3440461163284,458.6559538836716,2500.0,500,2
6,UE-884,0.0,real_time,3.3913664744285064,0.616528885730759,4.0078953601592655,150,1
6,UE-885,0.0,real_time,0.0,0.0,0.0,150,1
6,UE-886,0.0,background,0.038966978023742084,0.012977459379728122,0.051944437403470205,5000,10
6,UE-887,0.0,real_time,0.8989735102313565,0.2505127825637562,1.1494862927951128,150,1
6,UE-888,0.0,bursty,0.0,0.0,0.0,1000,5
6,UE-889,0.0,bursty,0.0,0.0,0.0,1000,5
6,UE-890,0.0,bursty,2531.774723311199,634.4089113370793,3166.1836346482783,1000,5
6,UE-891,0.0,background,0.05336468896552084,0.0127473271019919,0.06611201606751274,5000,10
6,UE-892,0.0,bursty,0.0,0.0,0.0,1000,5
6,UE-893,0.0,background,0.15299112549499239,0.036438643107497094,0.18942976860248947,5000,10
6,UE-894,0.0,bursty,0.0,0.0,0.0,1000,5
6,UE-895,0.0,background,0.19421858677077844,0.04686538146505214,0.24108396823583056,5000,10
6,UE-896,0.0,real_time,0.0,0.0,0.0,150,1
6,UE-897,0.0,bursty,1179.030389984209,309.88300798724356,1488.9133979714527,1000,5
6,UE-898,0.0,video_streaming,1880.3159502684125,619.6840497315877,2500.0,500,2
6,UE-899,0.0,real_time,0.0,0.0,0.0,150,1
6,UE-900,0.0,video_streaming,1968.239457887387,531.7605421126128,2500.0,500,2
6,UE-901,0.0,bursty,0.0,0.0,0.0,1000,5
6,UE-902,0.0,video_streaming,2012.2253352829312,487.774664717069,2500.0,500,2
6,UE-903,0.0,real_time,0.0,0.0,0.0,150,1
6,UE-904,0.0,video_streaming,2060.9058890679626,439.0941109320373,2500.0,500,2
6,UE-905,0.0,real_time,54.04386975873295,17.73979735585697,71.78366711458992,150,1
6,UE-906,0.0,real_time,41.668226185791504,12.8087613778704,54.47698756366191,150,1
6,UE-907,0.0,real_time,6.421638792376456,2.13176756121022,8.553406353586675,150,1
6,UE-908,0.0,background,0.12690683954396062,0.024970706471763415,0.15187754601572404,5000,10
6,UE-909,0.0,background,0.02926654694348882,0.005513689351250206,0.034780236294739024,5000,10
6,UE-910,0.0,bursty,0.0,0.0,0.0,1000,5
6,UE-911,0.0,bursty,0.0,0.0,0.0,1000,5
6,UE-912,0.0,background,0.014742869701671199,0.0037187188229464347,0.018461588524617635,5000,10
6,UE-913,0.0,real_time,48.83780709628885,10.841532550982809,59.67933964727166,150,1
6,UE-914,0.0,real_time,7.136406729935498,1.68042879756055,8.816835527496048,150,1
6,UE-915,0.0,background,0.1194874791944299,0.033210918155650505,0.1526983973500804,5000,10
6,UE-916,0.0,real_time,2.779662203209377,0.8525216469720104,3.632183850181387,150,1
6,UE-917,0.0,real_time,4.475893187770262,1.2673038870781916,5.743197074848453,150,1
6,UE-918,0.0,bursty,0.0,0.0,0.0,1000,5
6,UE-919,0.0,video_streaming,2002.640615609477,497.359384390523,2500.0,500,2
6,UE-920,0.0,video_streaming,2092.5062291671793,407.4937708328204,2500.0,500,2
6,UE-921,0.0,background,0.02513080267400994,0.006161469680426236,0.03129227235443618,5000,10
6,UE-922,0.0,real_time,2.740916594979303,0.7824495847381105,3.5233661797174136,150,1
6,UE-923,0.0,video_streaming,1987.429291844542,512.5707081554581,2500.0,500,2
6,UE-924,0.0,background,0.0808523974156767,0.01713427772776415,0.09798667514344084,5000,10
6,UE-925,0.0,bursty,3921.3682368883506,906.5267991023636,4827.895035990714,1000,5
6,UE-926,0.0,video_streaming,2108.331410211791,391.66858978820886,2500.0,500,2
6,UE-927,0.0,real_time,0.0,0.0,0.0,150,1
6,UE-928,0.0,real_time,0.0,0.0,0.0,150,1
6,UE-929,0.0,real_time,0.4731421274570798,0.11275878468406726,0.585900912141147,150,1
6,UE-930,0.0,background,0.07492176390797639,0.0173467164075633,0.09226848031553969,5000,10
6,UE-931,0.0,real_time,0.0,0.0,0.0,150,1
6,UE-932,0.0,real_time,113.27343091065177,19.99298952302018,133.26642043367195,150,1
6,UE-933,0.0,bursty,0.0,0.0,0.0,1000,5
6,UE-934,0.0,bursty,1808.4678033229623,421.0040944490962,2229.4718977720586,1000,5
6,UE-935,0.0,background,0.15550939567928124,0.03412794057398551,0.18963733625326676,5000,10
6,UE-936,0.0,background,0.15432353264416188,0.036608151091169334,0.1909316837353312,5000,10
6,UE-937,0.0,real_time,0.0,0.0,0.0,150,1
6,UE-938,0.0,bursty,0.0,0.0,0.0,1000,5
6,UE-939,0.0,bursty,0.0,0.0,0.0,1000,5
6,UE-940,0.0,video_streaming,1977.8333617686237,522.1666382313763,2500.0,500,2
6,UE-941,0.0,bursty,0.0,0.0,0.0,1000,5
6,UE-942,0.0,real_time,6.324348743540436,1.1682545875013743,7.492603331041811,150,1
6,UE-943,0.0,real_time,54.37421892275498,14.21755093951763,68.59176986227261,150,1
6,UE-944,0.0,real_time,2.267922501040953,0.6830758526310586,2.950998353672012,150,1
6,UE-945,0.0,video_streaming,2055.1675053614026,444.8324946385974,2500.0,500,2
6,UE-946,0.0,background,0.0236440644698837,0.006924514621492604,0.030568579091376304,5000,10
6,UE-947,0.0,video_streaming,2088.3158614899526,411.6841385100474,2500.0,500,2
6,UE-948,0.0,background,0.01615417837289376,0.0036341341426848147,0.019788312515578575,5000,10
6,UE-949,0.0,real_time,4.215806125706218,1.402209513067279,5.618015638773497,150,1
6,UE-950,0.0,bursty,0.0,0.0,0.0,1000,5
6,UE-951,0.0,video_streaming,2033.4352275419726,466.56477245802756,2500.0,500,2
6,UE-952,0.0,bursty,0.0,0.0,0.0,1000,5
6,UE-953,0.0,background,0.1107822802414237,0.024508139837154632,0.13529042007857833,5000,10
6,UE-954,0.0,real_time,50.99224531939877,14.957978017696783,65.95022333709555,150,1
6,UE-955,0.0,real_time,9.271059036383452,2.4046025602275107,11.675661596610961,150,1
6,UE-956,0.0,background,0.040296891761014336,0.012995891616916118,0.053292783377930454,5000,10
6,UE-957,0.0,bursty,2245.0028179280803,641.9378969022638,2886.940714830344,1000,5
6,UE-958,0.0,video_streaming,1896.0645032022326,603.9354967977675,2500.0,500,2
6,UE-959,0.0,bursty,0.0,0.0,0.0,1000,5
6,UE-960,0.0,bursty,0.0,0.0,0.0,1000,5
6,UE-961,0.0,video_streaming,1961.7536440047506,538.2463559952496,2500.0,500,2
6,UE-962,0.0,video_streaming,1905.243416601973,594.756583398027,2500.0,500,2
6,UE-963,0.0,background,0.04985785165928412,0.012867892663177468,0.06272574432246159,5000,10
6,UE-964,0.0,bursty,0.0,0.0,0.0,1000,5
6,UE-965,0.0,video_streaming,1983.3117741402173,516.6882258597827,2500.0,500,2
6,UE-966,0.0,background,0.11003697724105983,0.030451382349370927,0.14048835959043077,5000,10
6,UE-967,0.0,bursty,0.0,0.0,0.0,1000,5
6,UE-968,0.0,real_time,0.49832356270971545,0.10650642260342412,0.6048299853131396,150,1
6,UE-969,0.0,background,0.07556571967091734,0.021642544051437732,0.09720826372235507,5000,10
6,UE-970,0.0,real_time,0.0,0.0,0.0,150,1
6,UE-971,0.0,video_streaming,2061.3007059714723,438.6992940285278,2500.0,500,2
6,UE-972,0.0,bursty,0.0,0.0,0.0,1000,5
6,UE-973,0.0,real_time,50.90615522192203,10.595458230199988,61.501613452122015,150,1
6,UE-974,0.0,real_time,0.0,0.0,0.0,150,1
6,UE-975,0.0,bursty,0.0,0.0,0.0,1000,5
6,UE-976,0.0,bursty,0.0,0.0,0.0,1000,5
6,UE-977,0.0,bursty,3135.575943705421,563.1095278936042,3698.6854715990253,1000,5
6,UE-978,0.0,real_time,0.05828544705931111,0.01525492283637676,0.07354036989568787,150,1
6,UE-979,0.0,background,0.17279471871292984,0.03813655671605714,0.210931275428987,5000,10
6,UE-980,0.0,bursty,0.0,0.0,0.0,1000,5
6,UE-981,0.0,bursty,0.0,0.0,0.0,1000,5
6,UE-982,0.0,bursty,0.0,0.0,0.0,1000,5
6,UE-983,0.0,real_time,55.190417077874905,13.021594551779351,68.21201162965426,150,1
6,UE-984,0.0,bursty,0.0,0.0,0.0,1000,5
6,UE-985,0.0,real_time,162.20868644626324,38.02491301218283,200.23359945844607,150,1
6,UE-986,0.0,real_time,0.0,0.0,0.0,150,1
6,UE-987,0.0,background,0.40783162195853867,0.09793380785154666,0.5057654298100853,5000,10
6,UE-988,0.0,background,0.004487802121986872,0.0008809479088327744,0.005368750030819647,5000,10
6,UE-989,0.0,real_time,6.450717999880394,1.8435823074604396,8.294300307340833,150,1
6,UE-990,0.0,background,0.006959080978004372,0.0019719643123850944,0.008931045290389466,5000,10
6,UE-991,0.0,bursty,0.0,0.0,0.0,1000,5
6,UE-992,0.0,real_time,8.642937802475432,1.7693631889636459,10.412300991439077,150,1
6,UE-993,0.0,real_time,49.66861368121114,12.36196986675594,62.03058354796708,150,1
6,UE-994,0.0,background,0.045013859774819844,0.01464637819934674,0.05966023797416658,5000,10
6,UE-995,0.0,background,0.1406553893955844,0.028330174168323147,0.16898556356390754,5000,10
6,UE-996,0.0,bursty,0.0,0.0,0.0,1000,5
6,UE-997,0.0,background,0.09023557802277199,0.02190520750756679,0.11214078553033878,5000,10
6,UE-998,0.0,background,0.7343480649458486,0.1335252802568968,0.8678733452027454,5000,10
6,UE-999,0.0,real_time,59.06357255980595,14.720046811426489,73.78361937123243,150,1
